{"cameraMode":{"drawMode":0,"name":"Shaded","section":"Shading Mode"},"sceneLighting":false,"audioPlay":false,"sceneViewState":{"m_AlwaysRefresh":false,"showFog":true,"showSkybox":false,"showFlares":true,"showImageEffects":true,"showParticleSystems":true,"showVisualEffectGraphs":true,"m_FxEnabled":true},"in2DMode":false,"pivot":{"x":-19.775907516479493,"y":0.37963974475860598,"z":-12.540884971618653},"rotation":{"x":0.06103059649467468,"y":-0.8130441308021545,"z":0.08668199181556702,"w":0.5725067257881165},"size":5.012363433837891,"orthographic":false}